probe ID,primary,secondary,dG_md,ddG_md,Kd_md,Kd_SDS/Kd_PFOS
00001,"[""[Br]"", ""[Br]"", ""[Br]"", ""[Br]"", ""[Br]"", ""[Br]"", ""[Br]"", ""[Br]""]","[""[OH]"", ""[OH]"", ""[OH]"", ""[OH]"", ""[OH]"", ""[OH]"", ""[OH]"", ""[OH]"", ""[OH]"", ""[OH]"", ""[OH]"", ""[OH]"", ""[OH]"", ""[OH]"", ""[OH]"", ""[OH]""]","[-31.51615845604246, 0.39807736833226176]","[-7.765512310380231, 0.9780194555179015]","[3.2534271495864566e-06, 5.211191170324708e-07]","[22.506017792821996, 8.829832673732326]"
00002,"[""C(Br)(Br)Br"", ""C(Br)(Br)Br"", ""C(Br)(Br)Br"", ""C(Br)(Br)Br"", ""C(Br)(Br)Br"", ""C(Br)(Br)Br"", ""C(Br)(Br)Br""]","[""[OH]"", ""[OH]"", ""[OH]"", ""[OH]"", ""[OH]"", ""[OH]"", ""[OH]"", ""[OH]"", ""[OH]"", ""[OH]"", ""[OH]"", ""[OH]"", ""[OH]"", ""[OH]""]","[-28.497469772787138, 1.284482913806093]","[-15.165139123682415, 2.374457737976173]","[1.0912494957931828e-05, 5.620682936503563e-06]","[437.2078459192411, 416.25122010981863]"
00003,"[""C(Br)(Br)Br"", ""C(Br)(Br)Br"", ""C(Br)(Br)Br"", ""C(Br)(Br)Br"", ""C(Br)(Br)Br"", ""C(Br)(Br)Br"", ""C(Br)(Br)Br"", ""C(Br)(Br)Br""]","[""[OH]"", ""[OH]"", ""[OH]"", ""[OH]"", ""[OH]"", ""[OH]"", ""[OH]"", ""[OH]"", ""[OH]"", ""[OH]"", ""[OH]"", ""[OH]"", ""[OH]"", ""[OH]"", ""[OH]"", ""[OH]""]","[-31.10372427282109, 0.712599376752304]","[3.8061568354831863, 1.7163962069362508]","[3.839008043780648e-06, 1.0970862206108101e-06]","[0.2174909555095717, 0.14971163196798137]"
00004,"[""C(Cl)(Cl)C(Cl)(Cl)C(Cl)(Cl)Cl"", ""C(Cl)(Cl)C(Cl)(Cl)C(Cl)(Cl)Cl"", ""C(Cl)(Cl)C(Cl)(Cl)C(Cl)(Cl)Cl"", ""C(Cl)(Cl)C(Cl)(Cl)C(Cl)(Cl)Cl"", ""C(Cl)(Cl)C(Cl)(Cl)C(Cl)(Cl)Cl"", ""C(Cl)(Cl)C(Cl)(Cl)C(Cl)(Cl)Cl"", ""C(Cl)(Cl)C(Cl)(Cl)C(Cl)(Cl)Cl""]","[""[OH]"", ""[OH]"", ""[OH]"", ""[OH]"", ""[OH]"", ""[OH]"", ""[OH]"", ""[OH]"", ""[OH]"", ""[OH]"", ""[OH]"", ""[OH]"", ""[OH]"", ""[OH]""]","[-34.241833494038346, 2.4133207516891195]","[-19.91709370191314, 4.342512385477279]","[1.0904790438664453e-06, 1.0545367038264823e-06]","[2939.2578539664855, 5116.4263639948285]"
00005,"[""C(Cl)(Cl)C(Cl)(Cl)Cl"", ""C(Cl)(Cl)C(Cl)(Cl)Cl"", ""C(Cl)(Cl)C(Cl)(Cl)Cl"", ""C(Cl)(Cl)C(Cl)(Cl)Cl"", ""C(Cl)(Cl)C(Cl)(Cl)Cl"", ""C(Cl)(Cl)C(Cl)(Cl)Cl"", ""C(Cl)(Cl)C(Cl)(Cl)Cl""]","[""[OH]"", ""[OH]"", ""[OH]"", ""[OH]"", ""[OH]"", ""[OH]"", ""[OH]"", ""[OH]"", ""[OH]"", ""[OH]"", ""[OH]"", ""[OH]"", ""[OH]"", ""[OH]""]","[-26.736429058920685, 1.4538911177789025]","[-14.936033538681396, 4.498317095136761]","[2.2111252335812217e-05, 1.2891441597558656e-05]","[398.73403536820973, 719.0999927022106]"
00006,"[""C(Cl)(Cl)Cl"", ""[OH]"", ""[OH]"", ""[OH]"", ""C(Cl)(Cl)Cl"", ""[OH]"", ""[OH]""]","[""[OH]"", ""[OH]"", ""[OH]"", ""[OH]"", ""[OH]"", ""[OH]"", ""[OH]"", ""[OH]"", ""[OH]"", ""[OH]"", ""[OH]"", ""[OH]"", ""[OH]"", ""[OH]""]","[-53.60706737758805, 0.6693414675030749]","[-24.496163632009363, 1.011022565976298]","[4.6371538184016726e-10, 1.2443958370227162e-10]","[18412.048278786286, 7462.238010578118]"
00007,"[""C(Cl)(Cl)Cl"", ""[OH]"", ""[OH]"", ""C(Cl)(Cl)Cl"", ""[OH]"", ""C(Cl)(Cl)Cl"", ""C(Cl)(Cl)Cl""]","[""[OH]"", ""[OH]"", ""[OH]"", ""[OH]"", ""[OH]"", ""[OH]"", ""[OH]"", ""[OH]"", ""[OH]"", ""[OH]"", ""[OH]"", ""[OH]"", ""[OH]"", ""[OH]""]","[-36.17367386345123, 0.741513544612754]","[-8.002887246741938, 1.7624609949460293]","[5.031741238039191e-07, 1.4959237440446478e-07]","[24.737595156481465, 17.47762666413075]"
00008,"[""C(Cl)(Cl)Cl"", ""C(Cl)(Cl)Cl"", ""C(Cl)(Cl)Cl"", ""C(Cl)(Cl)Cl"", ""C(Cl)(Cl)Cl"", ""C(Cl)(Cl)Cl"", ""C(Cl)(Cl)Cl""]","[""[OH]"", ""[OH]"", ""[OH]"", ""[OH]"", ""[OH]"", ""[OH]"", ""[OH]"", ""[OH]"", ""[OH]"", ""[OH]"", ""[OH]"", ""[OH]"", ""[OH]"", ""[OH]""]","[-34.950974128822544, 1.1971060077131128]","[-23.094818420519104, 2.854102406562407]","[8.209442738608617e-07, 3.939532597565375e-07]","[10503.44391845771, 12018.33984533082]"
00009,"[""C(Cl)(Cl)Cl"", ""C(Cl)(Cl)Cl"", ""C(Cl)(Cl)Cl"", ""C(Cl)(Cl)Cl"", ""C(Cl)(Cl)Cl"", ""C(Cl)(Cl)Cl"", ""C(Cl)(Cl)Cl"", ""C(Cl)(Cl)Cl""]","[""[OH]"", ""[OH]"", ""[OH]"", ""[OH]"", ""[OH]"", ""[OH]"", ""[OH]"", ""[OH]"", ""[OH]"", ""[OH]"", ""[OH]"", ""[OH]"", ""[OH]"", ""[OH]"", ""[OH]"", ""[OH]""]","[-33.830668687443264, 0.8328144852679551]","[9.08353156066812, 2.0703109573221425]","[1.2860117620693495e-06, 4.2893043737798614e-07]","[0.02623146841750812, 0.021769526032341936]"
00010,"[""C(F)(F)C(F)(F)C(F)(F)F"", ""C(F)(F)C(F)(F)C(F)(F)F"", ""C(F)(F)C(F)(F)C(F)(F)F"", ""C(F)(F)C(F)(F)C(F)(F)F"", ""C(F)(F)C(F)(F)C(F)(F)F"", ""C(F)(F)C(F)(F)C(F)(F)F""]","[""[OH]"", ""[OH]"", ""[OH]"", ""[OH]"", ""[OH]"", ""[OH]"", ""[OH]"", ""[OH]"", ""[OH]"", ""[OH]"", ""[OH]"", ""[OH]""]","[-19.63351289653677, 1.5275392239477759]","[34.07275823781797, 2.723218100262835]","[0.0003814626565511923, 0.0002336227023439039]","[1.168456315380023e-06, 1.2756928953743368e-06]"
00011,"[""C(F)(F)C(F)(F)C(F)(F)F"", ""C(F)(F)C(F)(F)C(F)(F)F"", ""C(F)(F)C(F)(F)C(F)(F)F"", ""C(F)(F)C(F)(F)C(F)(F)F"", ""C(F)(F)C(F)(F)C(F)(F)F"", ""C(F)(F)C(F)(F)C(F)(F)F"", ""C(F)(F)C(F)(F)C(F)(F)F""]","[""[OH]"", ""[OH]"", ""[OH]"", ""[OH]"", ""[OH]"", ""[OH]"", ""[OH]"", ""[OH]"", ""[OH]"", ""[OH]"", ""[OH]"", ""[OH]"", ""[OH]"", ""[OH]""]","[-30.938079106735017, 1.2591556060103573]","[-9.531742441333726, 2.4094470631007283]","[4.1023423929712945e-06, 2.072292961585978e-06]","[45.686426105521136, 44.142422777721244]"
00012,"[""C(F)(F)C(F)(F)C(F)(F)F"", ""C(F)(F)C(F)(F)C(F)(F)F"", ""C(F)(F)C(F)(F)C(F)(F)F"", ""C(F)(F)C(F)(F)C(F)(F)F"", ""C(F)(F)C(F)(F)C(F)(F)F"", ""C(F)(F)C(F)(F)C(F)(F)F"", ""C(F)(F)C(F)(F)C(F)(F)F"", ""C(F)(F)C(F)(F)C(F)(F)F""]","[""[OH]"", ""[OH]"", ""[OH]"", ""[OH]"", ""[OH]"", ""[OH]"", ""[OH]"", ""[OH]"", ""[OH]"", ""[OH]"", ""[OH]"", ""[OH]"", ""[OH]"", ""[OH]"", ""[OH]"", ""[OH]""]","[-28.13612308687931, 1.0271225558770347]","[-6.069935768663008, 2.2002220203878937]","[1.261934655048499e-05, 5.1957170412625e-06]","[11.400429944799226, 10.056037090001249]"
00013,"[""C(F)(F)C(F)(F)F"", ""C(F)(F)C(F)(F)F"", ""C(F)(F)C(F)(F)F"", ""C(F)(F)C(F)(F)F"", ""C(F)(F)C(F)(F)F"", ""C(F)(F)C(F)(F)F""]","[""[OH]"", ""[OH]"", ""[OH]"", ""[OH]"", ""[OH]"", ""[OH]"", ""[OH]"", ""[OH]"", ""[OH]"", ""[OH]"", ""[OH]"", ""[OH]""]","[-19.899168445848538, 1.161245378319758]","[34.711427504180286, 2.050692735722965]","[0.0003427564906958719, 0.0001594798813553982]","[9.047660149906219e-07, 7.436341639733837e-07]"
00014,"[""C(F)(F)C(F)(F)F"", ""C(F)(F)C(F)(F)F"", ""C(F)(F)C(F)(F)F"", ""C(F)(F)C(F)(F)F"", ""C(F)(F)C(F)(F)F"", ""C(F)(F)C(F)(F)F"", ""C(F)(F)C(F)(F)F""]","[""[OH]"", ""[OH]"", ""[OH]"", ""[OH]"", ""[OH]"", ""[OH]"", ""[OH]"", ""[OH]"", ""[OH]"", ""[OH]"", ""[OH]"", ""[OH]"", ""[OH]"", ""[OH]""]","[-50.50763745854527, 1.4197989045709272]","[-27.29386740810415, 2.3824149801953802]","[1.606726624342605e-09, 9.145777821156286e-10]","[56504.48636174351, 53978.60828009184]"
00015,"[""C(F)(F)C(F)(F)F"", ""C(F)(F)C(F)(F)F"", ""C(F)(F)C(F)(F)F"", ""C(F)(F)C(F)(F)F"", ""C(F)(F)C(F)(F)F"", ""C(F)(F)C(F)(F)F"", ""C(F)(F)C(F)(F)F"", ""C(F)(F)C(F)(F)F""]","[""[OH]"", ""[OH]"", ""[OH]"", ""[OH]"", ""[OH]"", ""[OH]"", ""[OH]"", ""[OH]"", ""[OH]"", ""[OH]"", ""[OH]"", ""[OH]"", ""[OH]"", ""[OH]"", ""[OH]"", ""[OH]""]","[-37.880463170118304, 1.03534948245085]","[-19.12093073279004, 1.600857825226719]","[2.5366826794619396e-07, 1.0522042246382495e-07]","[2135.184099420085, 1369.9047804432264]"
00016,"[""C(F)(F)F"", ""[OH]"", ""[OH]"", ""[OH]"", ""C(F)(F)F"", ""[OH]"", ""[OH]"", ""[OH]""]","[""[OH]"", ""[OH]"", ""[OH]"", ""[OH]"", ""[OH]"", ""[OH]"", ""[OH]"", ""[OH]"", ""[OH]"", ""[OH]"", ""[OH]"", ""[OH]"", ""[OH]"", ""[OH]"", ""[OH]"", ""[OH]""]","[-33.2147741777154, 0.48023641860658445]","[-13.704743398757408, 0.8679281808054521]","[1.6473423587575448e-06, 3.173246480543295e-07]","[243.3363363224694, 84.7012987054294]"
00018,"[""C(F)(F)F"", ""C(F)(F)F"", ""C(F)(F)F"", ""C(F)(F)F"", ""C(F)(F)F"", ""C(F)(F)F"", ""C(F)(F)F""]","[""[OH]"", ""[OH]"", ""[OH]"", ""[OH]"", ""[OH]"", ""[OH]"", ""[OH]"", ""[OH]"", ""[OH]"", ""[OH]"", ""[OH]"", ""[OH]"", ""[OH]"", ""[OH]""]","[-52.829795746894, 0.9489176352514258]","[-8.020048989710638, 2.3570335882639637]","[6.328481025848648e-10, 2.408551103667221e-10]","[24.916799043794143, 23.545007700115555]"
00019,"[""C(F)(F)F"", ""C(F)(F)F"", ""C(F)(F)F"", ""C(F)(F)F"", ""C(F)(F)F"", ""C(F)(F)F"", ""C(F)(F)F"", ""C(F)(F)F""]","[""[OH]"", ""[OH]"", ""[OH]"", ""[OH]"", ""[OH]"", ""[OH]"", ""[OH]"", ""[OH]"", ""[OH]"", ""[OH]"", ""[OH]"", ""[OH]"", ""[OH]"", ""[OH]"", ""[OH]"", ""[OH]""]","[-38.26050457744686, 0.6489082450815961]","[-10.206327843063562, 1.1797708485197331]","[2.1789134008946652e-07, 5.666363950204495e-08]","[59.85648762614947, 28.30856670020755]"
00020,"[""CCC"", ""CCC"", ""CCC"", ""CCC"", ""CCC"", ""CCC"", ""CCC""]","[""[OH]"", ""[OH]"", ""[OH]"", ""[OH]"", ""[OH]"", ""[OH]"", ""[OH]"", ""[OH]"", ""[OH]"", ""[OH]"", ""[OH]"", ""[OH]"", ""[OH]"", ""[OH]""]","[-59.20616134737421, 1.1190126416616453]","[-16.144099291900538, 2.339664104827205]","[4.910474351823258e-11, 2.2026647821917767e-11]","[647.2145543696781, 606.8911056832849]"
00021,"[""CCC"", ""CCC"", ""CCC"", ""CCC"", ""CCC"", ""CCC"", ""CCC"", ""CCC""]","[""[OH]"", ""[OH]"", ""[OH]"", ""[OH]"", ""[OH]"", ""[OH]"", ""[OH]"", ""[OH]"", ""[OH]"", ""[OH]"", ""[OH]"", ""[OH]"", ""[OH]"", ""[OH]"", ""[OH]"", ""[OH]""]","[-58.37645068476684, 1.315242637032796]","[-21.813714525645622, 2.4785210239545195]","[6.853342003313369e-11, 3.6140291595235664e-11]","[6279.962228474746, 6240.861115059848]"
00022,"[""CC"", ""CC"", ""CC"", ""CC"", ""CC"", ""CC"", ""CC""]","[""[OH]"", ""[OH]"", ""[OH]"", ""[OH]"", ""[OH]"", ""[OH]"", ""[OH]"", ""[OH]"", ""[OH]"", ""[OH]"", ""[OH]"", ""[OH]"", ""[OH]"", ""[OH]""]","[-60.48284435711601, 0.6856288816763226]","[-18.058448845571952, 2.0665831151879877]","[2.944406624919765e-11, 8.091866733454177e-12]","[1394.177226243945, 1155.0790976137519]"
00023,"[""CC"", ""CC"", ""CC"", ""CC"", ""CC"", ""CC"", ""CC"", ""CC""]","[""[OH]"", ""[OH]"", ""[OH]"", ""[OH]"", ""[OH]"", ""[OH]"", ""[OH]"", ""[OH]"", ""[OH]"", ""[OH]"", ""[OH]"", ""[OH]"", ""[OH]"", ""[OH]"", ""[OH]"", ""[OH]""]","[-53.32024381074583, 0.5581813737109402]","[-14.155520242433234, 1.4527773273196034]","[5.200921917998306e-10, 1.1633680091985376e-10]","[291.57609789751945, 169.82577268714633]"
00024,"[""CCl"", ""CCl"", ""[OH]"", ""[OH]"", ""CCl"", ""CCl"", ""CCl""]","[""[OH]"", ""[OH]"", ""[OH]"", ""[OH]"", ""[OH]"", ""[OH]"", ""[OH]"", ""[OH]"", ""[OH]"", ""[OH]"", ""[OH]"", ""[OH]"", ""[OH]"", ""[OH]""]","[-51.474539951415366, 0.9720141096811044]","[-11.576887828394874, 1.938504425509259]","[1.0903585766557421e-09, 4.2492350371485753e-10]","[103.6611603274493, 80.53007846016007]"
00025,"[""CCl"", ""CCl"", ""CCl"", ""CCl"", ""CCl"", ""CCl"", ""CCl"", ""CCl""]","[""[OH]"", ""[OH]"", ""[OH]"", ""[OH]"", ""[OH]"", ""[OH]"", ""[OH]"", ""[OH]"", ""[OH]"", ""[OH]"", ""[OH]"", ""[OH]"", ""[OH]"", ""[OH]"", ""[OH]"", ""[OH]""]","[-37.568234547902115, 0.7087726877659875]","[-6.122077695609672, 1.505691295825464]","[2.8742702089218093e-07, 8.169977557887595e-08]","[11.64647058874457, 7.0317999688595325]"
00026,"[""CF"", ""CF"", ""CF"", ""CF"", ""CF"", ""CF"", ""CF"", ""CF""]","[""[OH]"", ""[OH]"", ""[OH]"", ""[OH]"", ""[OH]"", ""[OH]"", ""[OH]"", ""[OH]"", ""[OH]"", ""[OH]"", ""[OH]"", ""[OH]"", ""[OH]"", ""[OH]"", ""[OH]"", ""[OH]""]","[-31.292253030400957, 0.7165206585302781]","[-4.760356127574873, 1.1406913988723428]","[3.559805921828402e-06, 1.0231821638534674e-06]","[6.744775176023788, 3.085465341362968]"
00027,"[""C"", ""C"", ""C"", ""C"", ""C"", ""C"", ""C""]","[""[OH]"", ""[OH]"", ""[OH]"", ""[OH]"", ""[OH]"", ""[OH]"", ""[OH]"", ""[OH]"", ""[OH]"", ""[OH]"", ""[OH]"", ""[OH]"", ""[OH]"", ""[OH]""]","[-59.017395491738306, 0.5072164100327528]","[-11.731573019003498, 1.8055223975029115]","[5.2992965058984564e-11, 1.077772374007591e-11]","[110.33198559558666, 79.85337503584152]"
00028,"[""C"", ""C"", ""C"", ""C"", ""C"", ""C"", ""C"", ""C""]","[""[OH]"", ""[OH]"", ""[OH]"", ""[OH]"", ""[OH]"", ""[OH]"", ""[OH]"", ""[OH]"", ""[OH]"", ""[OH]"", ""[OH]"", ""[OH]"", ""[OH]"", ""[OH]"", ""[OH]"", ""[OH]""]","[-37.884304249774274, 0.46370835623277745]","[-2.2412441297726886, 1.259742530490864]","[2.5329903180063783e-07, 4.7062372728300336e-08]","[2.457062416329957, 1.2409211020706334]"
00029,"[""COC"", ""COC"", ""COC"", ""[OH]"", ""[OH]"", ""COC"", ""[OH]""]","[""[OH]"", ""[OH]"", ""[OH]"", ""[OH]"", ""[OH]"", ""[OH]"", ""[OH]"", ""[OH]"", ""[OH]"", ""[OH]"", ""[OH]"", ""[OH]"", ""[OH]"", ""[OH]""]","[-50.25206017916794, 0.821866479955354]","[-22.514119427541747, 1.3830439979339146]","[1.7800653598690325e-09, 5.863879014707849e-10]","[8316.239414829693, 4608.931357682967]"
00031,"[""COC"", ""COC"", ""COC"", ""COC"", ""COC"", ""COC"", ""COC"", ""COC""]","[""[OH]"", ""[OH]"", ""[OH]"", ""[OH]"", ""[OH]"", ""[OH]"", ""[OH]"", ""[OH]"", ""[OH]"", ""[OH]"", ""[OH]"", ""[OH]"", ""[OH]"", ""[OH]"", ""[OH]"", ""[OH]""]","[-37.04840328827592, 0.7832895604279918]","[-7.58262598282597, 1.7612981485704295]","[3.5414797387616965e-07, 1.1131009037989543e-07]","[20.90734620307864, 14.764270753398652]"
00032,"[""[Cl]"", ""[Cl]"", ""[OH]"", ""[OH]"", ""[Cl]"", ""[Cl]"", ""[OH]""]","[""[OH]"", ""[OH]"", ""[OH]"", ""[OH]"", ""[OH]"", ""[OH]"", ""[OH]"", ""[OH]"", ""[OH]"", ""[OH]"", ""[OH]"", ""[OH]"", ""[OH]"", ""[OH]""]","[-43.40227860029405, 0.36451412608433365]","[-7.773898300218747, 0.9579076201919359]","[2.7719310411629826e-08, 4.058857111373979e-09]","[22.58192298059018, 8.673594043301856]"
00033,"[""[Cl]"", ""[Cl]"", ""[Cl]"", ""[Cl]"", ""[Cl]"", ""[Cl]"", ""[Cl]""]","[""[Cl]"", ""[Cl]"", ""[Cl]"", ""[Cl]"", ""[Cl]"", ""[Cl]"", ""[Cl]"", ""[Cl]"", ""[Cl]"", ""[Cl]"", ""[Cl]"", ""[Cl]"", ""[Cl]"", ""[Cl]""]","[-39.768626482317224, 0.7135576208040891]","[-10.033404459325027, 1.2042765723130735]","[1.1900651281650404e-07, 3.402839871952523e-08]","[55.85631724189425, 26.963231157988893]"
00034,"[""[Cl]"", ""[Cl]"", ""[Cl]"", ""[Cl]"", ""[Cl]"", ""[Cl]"", ""[Cl]""]","[""[OH]"", ""[OH]"", ""[OH]"", ""[OH]"", ""[OH]"", ""[OH]"", ""[OH]"", ""[OH]"", ""[OH]"", ""[OH]"", ""[OH]"", ""[OH]"", ""[OH]"", ""[OH]""]","[-48.83777442323459, 0.24244908694925335]","[-15.155336997772842, 1.3004532628615022]","[3.137118863627006e-09, 3.058678248011225e-10]","[435.3070875420439, 227.12656835324609]"
00035,"[""[Cl]"", ""[Cl]"", ""[Cl]"", ""[Cl]"", ""[Cl]"", ""[Cl]"", ""[Cl]"", ""[Cl]""]","[""[OH]"", ""[OH]"", ""[OH]"", ""[OH]"", ""[OH]"", ""[OH]"", ""[OH]"", ""[OH]"", ""[OH]"", ""[OH]"", ""[OH]"", ""[OH]"", ""[OH]"", ""[OH]"", ""[OH]"", ""[OH]""]","[-29.43141904702942, 0.6957675013957723]","[-1.3394110009971527, 0.9992309225761546]","[7.5053818319203e-06, 2.090494712816166e-06]","[1.7114885239315711, 0.6850274736354457]"
00036,"[""[F]"", ""[OH]"", ""[OH]"", ""[OH]"", ""[OH]"", ""[OH]""]","[""[OH]"", ""[OH]"", ""[OH]"", ""[OH]"", ""[OH]"", ""[OH]"", ""[OH]"", ""[OH]"", ""[OH]"", ""[OH]"", ""[OH]"", ""[OH]""]","[-19.794163359098334, 0.6039205106204546]","[12.396507240369175, 1.203767304063154]","[0.0003576187759975106, 8.670229411939919e-05]","[0.006943286469459708, 0.003352555583849753]"
00037,"[""[F]"", ""[F]"", ""[F]"", ""[F]"", ""[F]"", ""[F]"", ""[F]""]","[""[F]"", ""[F]"", ""[F]"", ""[F]"", ""[F]"", ""[F]"", ""[F]"", ""[F]"", ""[F]"", ""[F]"", ""[F]"", ""[F]"", ""[F]"", ""[F]""]","[-39.251844420860124, 0.46564236123831687]","[-10.296851708378206, 0.8675035026439932]","[1.4643630755800435e-07, 2.733781907752406e-08]","[62.05931270824596, 21.579464654852043]"
00038,"[""[F]"", ""[F]"", ""[F]"", ""[F]"", ""[F]"", ""[F]""]","[""[OH]"", ""[OH]"", ""[OH]"", ""[OH]"", ""[OH]"", ""[OH]"", ""[OH]"", ""[OH]"", ""[OH]"", ""[OH]"", ""[OH]"", ""[OH]""]","[-20.12842576302705, 0.6088634678731503]","[7.781154940781537, 0.9746650081256746]","[0.00031270950635524337, 7.625957518508033e-05]","[0.04419365899881075, 0.017265878045935573]"
00039,"[""[F]"", ""[F]"", ""[F]"", ""[F]"", ""[F]"", ""[F]"", ""[F]""]","[""[OH]"", ""[OH]"", ""[OH]"", ""[OH]"", ""[OH]"", ""[OH]"", ""[OH]"", ""[OH]"", ""[OH]"", ""[OH]"", ""[OH]"", ""[OH]"", ""[OH]"", ""[OH]""]","[-46.06917898168033, 0.37056116559654156]","[-19.744598348105246, 0.5729349701966869]","[9.517327387538271e-09, 1.4194016153913401e-09]","[2741.3188464950176, 630.8526534386292]"
00040,"[""[F]"", ""[F]"", ""[F]"", ""[F]"", ""[F]"", ""[F]"", ""[F]"", ""[F]""]","[""[OH]"", ""[OH]"", ""[OH]"", ""[OH]"", ""[OH]"", ""[OH]"", ""[OH]"", ""[OH]"", ""[OH]"", ""[OH]"", ""[OH]"", ""[OH]"", ""[OH]"", ""[OH]"", ""[OH]"", ""[OH]""]","[-33.85222779038291, 0.5661540358824326]","[-10.899130741730367, 0.9694131683744931]","[1.2758945311563111e-06, 2.896908924873139e-07]","[79.00926980646591, 30.702544811316777]"
00041,"[""[NH2]"", ""[NH2]"", ""[NH2]"", ""[NH2]"", ""[NH2]"", ""[NH2]"", ""[NH2]""]","[""[OH]"", ""[OH]"", ""[OH]"", ""[OH]"", ""[OH]"", ""[OH]"", ""[OH]"", ""[OH]"", ""[OH]"", ""[OH]"", ""[OH]"", ""[OH]"", ""[OH]"", ""[OH]""]","[-42.59453086247871, 0.379182390086025]","[-29.825862602460898, 0.9101726810068761]","[3.832839996143149e-08, 5.817238104289918e-09]","[156055.87088305564, 56926.72183101953]"
00042,"[""[NH2]"", ""[NH2]"", ""[NH2]"", ""[NH2]"", ""[NH2]"", ""[NH2]"", ""[NH2]"", ""[NH2]""]","[""[OH]"", ""[OH]"", ""[OH]"", ""[OH]"", ""[OH]"", ""[OH]"", ""[OH]"", ""[OH]"", ""[OH]"", ""[OH]"", ""[OH]"", ""[OH]"", ""[OH]"", ""[OH]"", ""[OH]"", ""[OH]""]","[-20.212208613100817, 0.37967274471461326]","[-7.022911034869319, 0.745909214925163]","[0.0003025260873635433, 4.607088930273287e-05]","[16.70291047775282, 4.995445888417855]"
00043,"[""[OH]"", ""[OH]"", ""[OH]"", ""[OH]"", ""[OH]"", ""[OH]""]","[""[OH]"", ""[OH]"", ""[OH]"", ""[OH]"", ""[OH]"", ""[OH]"", ""[OH]"", ""[OH]"", ""[OH]"", ""[OH]"", ""[OH]"", ""[OH]""]","[-11.055234801386048, 0.7807187501662607]","[14.193542476219983, 1.015565395553481]","[0.01188738477275925, 0.0037204866526027594]","[0.003376575580743782, 0.001375914250177676]"
00044,"[""[OH]"", ""[OH]"", ""[OH]"", ""[OH]"", ""[OH]"", ""[OH]"", ""[OH]""]","[""[OH]"", ""[OH]"", ""[OH]"", ""[OH]"", ""[OH]"", ""[OH]"", ""[OH]"", ""[OH]"", ""[OH]"", ""[OH]"", ""[OH]"", ""[OH]"", ""[OH]"", ""[OH]""]","[-38.835292932474616, 0.1592026394637171]","[-10.165228376121231, 0.4058659465524757]","[1.7294033083551803e-07, 1.0838444141185521e-08]","[58.917850023179525, 9.558482886188102]"
00045,"[""[OH]"", ""[OH]"", ""[OH]"", ""[OH]"", ""[OH]"", ""[OH]"", ""[OH]"", ""[OH]""]","[""[OH]"", ""[OH]"", ""[OH]"", ""[OH]"", ""[OH]"", ""[OH]"", ""[OH]"", ""[OH]"", ""[OH]"", ""[OH]"", ""[OH]"", ""[OH]"", ""[OH]"", ""[OH]"", ""[OH]"", ""[OH]""]","[-29.996408563680394, 0.26886292391164746]","[-12.965985612817427, 0.8911835674221134]","[5.9856637004507056e-06, 6.457983282839397e-07]","[180.96797235968882, 64.69420331776247]"
00073,"[""COCOCOC"", ""COCOCOC"", ""COCOCOC"", ""COCOCOC"", ""COCOCOC"", ""COCOCOC"", ""COCOCOC""]","[""[OH]"", ""[OH]"", ""[OH]"", ""[OH]"", ""[OH]"", ""[OH]"", ""[OH]"", ""[OH]"", ""[OH]"", ""[OH]"", ""[OH]"", ""[OH]"", ""[OH]"", ""[OH]""]","[-41.01170081699114, 1.312046805463455]","[-21.386061143879033, 2.065750416744926]","[7.232048073968344e-08, 3.805043211491866e-08]","[5291.93392324398, 4383.126115850818]"
00074,"[""CCl"", ""CCl"", ""CCl"", ""CCl"", ""CCl"", ""CCl"", ""CCl""]","[""[OH]"", ""[OH]"", ""[OH]"", ""[OH]"", ""[OH]"", ""[OH]"", ""[OH]"", ""[OH]"", ""[OH]"", ""[OH]"", ""[OH]"", ""[OH]"", ""[OH]"", ""[OH]""]","[-56.44471127513059, 0.7190553067939554]","[-20.818399673310907, 1.9458764669231383]","[1.4857974423180323e-10, 4.28501175516647e-11]","[4216.551808433843, 3289.608035283987]"
00076,"[""CF"", ""CF"", ""CF"", ""CF"", ""CF"", ""CF"", ""CF""]","[""[OH]"", ""[OH]"", ""[OH]"", ""[OH]"", ""[OH]"", ""[OH]"", ""[OH]"", ""[OH]"", ""[OH]"", ""[OH]"", ""[OH]"", ""[OH]"", ""[OH]"", ""[OH]""]","[-52.19171488505847, 0.763767100685423]","[-15.811581824321486, 1.4070073842127526]","[8.173316923038144e-10, 2.5055890870599496e-10]","[566.6717404239579, 319.78850231328784]"
00079,"[""OC(F)(F)C(F)(F)F"", ""OC(F)(F)C(F)(F)F"", ""OC(F)(F)C(F)(F)F"", ""OC(F)(F)C(F)(F)F"", ""OC(F)(F)C(F)(F)F"", ""OC(F)(F)C(F)(F)F"", ""OC(F)(F)C(F)(F)F""]","[""[OH]"", ""[OH]"", ""[OH]"", ""[OH]"", ""[OH]"", ""[OH]"", ""[OH]"", ""[OH]"", ""[OH]"", ""[OH]"", ""[OH]"", ""[OH]"", ""[OH]"", ""[OH]""]","[-24.1934030248123, 1.1362948431978952]","[5.499646694458779, 2.1357166424382297]","[6.130068532834677e-05, 2.792177200772552e-05]","[0.11028942636301804, 0.09442314342440788]"
00405,"[""C(F)(F)C(F)(F)F"", ""[OH]"", ""C(F)(F)C(F)(F)F"", ""[OH]"", ""[OH]"", ""[OH]"", ""[OH]""]","[""[OH]"", ""[OH]"", ""[OH]"", ""[OH]"", ""[OH]"", ""[OH]"", ""[OH]"", ""[OH]"", ""[OH]"", ""[OH]"", ""[OH]"", ""[OH]"", ""[OH]"", ""[OH]""]","[-51.473011101853785, 0.49761343253242796]","[-17.51896429518628, 1.2255743884525008]","[1.0908016006805878e-09, 2.1735898346107957e-10]","[1123.0614832531985, 551.7603684497755]"
00407,"[""C(F)(F)C(F)(F)F"", ""C(F)(F)C(F)(F)F"", ""C(F)(F)C(F)(F)F"", ""[OH]"", ""[OH]"", ""[OH]"", ""[OH]""]","[""[OH]"", ""[OH]"", ""[OH]"", ""[OH]"", ""[OH]"", ""[OH]"", ""[OH]"", ""[OH]"", ""[OH]"", ""[OH]"", ""[OH]"", ""[OH]"", ""[OH]"", ""[OH]""]","[-44.76986097510054, 0.8131043752242614]","[-11.221181837487975, 1.2549910284008525]","[1.6025882055350946e-08, 5.230486834073486e-09]","[89.88610914420995, 45.25035444681239]"
00418,"[""C(F)(F)C(F)(F)F"", ""C(F)(F)C(F)(F)F"", ""C(F)(F)C(F)(F)F"", ""C(F)(F)C(F)(F)F"", ""C(F)(F)C(F)(F)F"", ""C(F)(F)C(F)(F)F"", ""[OH]""]","[""[OH]"", ""[OH]"", ""[OH]"", ""[OH]"", ""[OH]"", ""[OH]"", ""[OH]"", ""[OH]"", ""[OH]"", ""[OH]"", ""[OH]"", ""[OH]"", ""[OH]"", ""[OH]""]","[-38.76241972763255, 1.2213557058943683]","[-12.154979042238583, 2.1846695315372253]","[1.7816721693429243e-07, 8.72394064093833e-08]","[130.69947670807971, 114.4900457246304]"
00422,"[""C(F)(F)F"", ""[OH]"", ""[OH]"", ""C(F)(F)F"", ""[OH]"", ""[OH]"", ""[OH]""]","[""[OH]"", ""[OH]"", ""[OH]"", ""[OH]"", ""[OH]"", ""[OH]"", ""[OH]"", ""[OH]"", ""[OH]"", ""[OH]"", ""[OH]"", ""[OH]"", ""[OH]"", ""[OH]""]","[-40.878230596030036, 0.3889810584856904]","[-14.50769045847587, 0.8017320947733174]","[7.625138750969654e-08, 1.1904169816773529e-08]","[335.92994842344797, 107.95929523107517]"
00437,"[""C(Cl)(Cl)Cl"", ""[OH]"", ""C(Cl)(Cl)Cl"", ""[OH]"", ""[OH]"", ""[OH]"", ""[OH]""]","[""[OH]"", ""[OH]"", ""[OH]"", ""[OH]"", ""[OH]"", ""[OH]"", ""[OH]"", ""[OH]"", ""[OH]"", ""[OH]"", ""[OH]"", ""[OH]"", ""[OH]"", ""[OH]""]","[-41.59018860104213, 0.5220363219388812]","[-10.148360057240389, 1.0891191377634808]","[5.7328817118443755e-08, 1.2012602202024561e-08]","[58.50256070134214, 25.55067108261204]"
00464,"[""CC"", ""CC"", ""CC"", ""CC"", ""CC"", ""CC"", ""[OH]""]","[""[OH]"", ""[OH]"", ""[OH]"", ""[OH]"", ""[OH]"", ""[OH]"", ""[OH]"", ""[OH]"", ""[OH]"", ""[OH]"", ""[OH]"", ""[OH]"", ""[OH]"", ""[OH]""]","[-50.58204688891829, 0.7675472862310542]","[-6.963941033412503, 2.3729545798598175]","[1.559136930842958e-09, 4.795190636910033e-10]","[16.313635429595593, 15.520688008251598]"
00487,"[""C(Cl)(Cl)C(Cl)(Cl)C(Cl)(Cl)Cl"", ""C(Cl)(Cl)C(Cl)(Cl)C(Cl)(Cl)Cl"", ""[OH]"", ""[OH]"", ""C(Cl)(Cl)C(Cl)(Cl)C(Cl)(Cl)Cl"", ""[OH]"", ""[OH]""]","[""[OH]"", ""[OH]"", ""[OH]"", ""[OH]"", ""[OH]"", ""[OH]"", ""[OH]"", ""[OH]"", ""[OH]"", ""[OH]"", ""[OH]"", ""[OH]"", ""[OH]"", ""[OH]""]","[-43.40762232638753, 1.1708444745070612]","[0.49254513429665536, 2.4660186706858944]","[2.7667079746792995e-08, 1.2987116619436003e-08]","[0.8209357958228275, 0.811610762921848]"
00517,"[""C(F)(F)C(F)(F)C(F)(F)F"", ""C(F)(F)C(F)(F)C(F)(F)F"", ""C(F)(F)C(F)(F)C(F)(F)F"", ""[OH]"", ""[OH]"", ""[OH]"", ""[OH]""]","[""[OH]"", ""[OH]"", ""[OH]"", ""[OH]"", ""[OH]"", ""[OH]"", ""[OH]"", ""[OH]"", ""[OH]"", ""[OH]"", ""[OH]"", ""[OH]"", ""[OH]"", ""[OH]""]","[-52.030449986648954, 0.6129425641343669]","[-15.965596127688023, 1.2744863924829841]","[8.725475160278442e-10, 2.143816141844737e-10]","[602.2218437844109, 307.75369468203706]"
00523,"[""C(F)(F)C(F)(F)C(F)(F)F"", ""C(F)(F)C(F)(F)C(F)(F)F"", ""[OH]"", ""C(F)(F)C(F)(F)C(F)(F)F"", ""C(F)(F)C(F)(F)C(F)(F)F"", ""[OH]"", ""[OH]""]","[""[OH]"", ""[OH]"", ""[OH]"", ""[OH]"", ""[OH]"", ""[OH]"", ""[OH]"", ""[OH]"", ""[OH]"", ""[OH]"", ""[OH]"", ""[OH]"", ""[OH]"", ""[OH]""]","[-44.577914004294335, 1.1550960670539943]","[-24.881429194211044, 2.2017218868257555]","[1.7296153266483822e-08, 8.010792720805261e-09]","[21507.910931217353, 18985.526036976873]"
00524,"[""C(F)(F)C(F)(F)C(F)(F)F"", ""C(F)(F)C(F)(F)C(F)(F)F"", ""[OH]"", ""C(F)(F)C(F)(F)C(F)(F)F"", ""[OH]"", ""C(F)(F)C(F)(F)C(F)(F)F"", ""[OH]""]","[""[OH]"", ""[OH]"", ""[OH]"", ""[OH]"", ""[OH]"", ""[OH]"", ""[OH]"", ""[OH]"", ""[OH]"", ""[OH]"", ""[OH]"", ""[OH]"", ""[OH]"", ""[OH]""]","[-46.01887208470046, 0.6960340536959031]","[-14.856208598160872, 1.8031277421556438]","[9.71251641822525e-09, 2.710706066350362e-09]","[386.18836785358985, 279.19573073325665]"
00525,"[""C(F)(F)C(F)(F)C(F)(F)F"", ""C(F)(F)C(F)(F)C(F)(F)F"", ""C(F)(F)C(F)(F)C(F)(F)F"", ""C(F)(F)C(F)(F)C(F)(F)F"", ""C(F)(F)C(F)(F)C(F)(F)F"", ""[OH]"", ""[OH]""]","[""[OH]"", ""[OH]"", ""[OH]"", ""[OH]"", ""[OH]"", ""[OH]"", ""[OH]"", ""[OH]"", ""[OH]"", ""[OH]"", ""[OH]"", ""[OH]"", ""[OH]"", ""[OH]""]","[-49.51358873415698, 1.4914123923321996]","[-18.934051355063808, 2.116075452644694]","[2.3909686758084574e-09, 1.4316097473459866e-09]","[1981.6404814875914, 1681.9351851004837]"
00526,"[""C(F)(F)C(F)(F)C(F)(F)F"", ""C(F)(F)C(F)(F)C(F)(F)F"", ""C(F)(F)C(F)(F)C(F)(F)F"", ""C(F)(F)C(F)(F)C(F)(F)F"", ""[OH]"", ""C(F)(F)C(F)(F)C(F)(F)F"", ""[OH]""]","[""[OH]"", ""[OH]"", ""[OH]"", ""[OH]"", ""[OH]"", ""[OH]"", ""[OH]"", ""[OH]"", ""[OH]"", ""[OH]"", ""[OH]"", ""[OH]"", ""[OH]"", ""[OH]""]","[-36.12094557408629, 1.1706039551546703]","[0.6295950034449049, 2.6280964962461955]","[5.136131187469218e-07, 2.411355943861911e-07]","[0.7770123033182247, 0.8188913045585969]"
00527,"[""C(F)(F)C(F)(F)C(F)(F)F"", ""C(F)(F)C(F)(F)C(F)(F)F"", ""C(F)(F)C(F)(F)C(F)(F)F"", ""[OH]"", ""C(F)(F)C(F)(F)C(F)(F)F"", ""C(F)(F)C(F)(F)C(F)(F)F"", ""[OH]""]","[""[OH]"", ""[OH]"", ""[OH]"", ""[OH]"", ""[OH]"", ""[OH]"", ""[OH]"", ""[OH]"", ""[OH]"", ""[OH]"", ""[OH]"", ""[OH]"", ""[OH]"", ""[OH]""]","[-45.1911109759251, 1.0016051965936656]","[-8.518910179491634, 2.2230031261568652]","[1.3533709625870923e-08, 5.440927988875568e-09]","[30.440955010573827, 27.13552729543313]"
00528,"[""C(F)(F)C(F)(F)C(F)(F)F"", ""C(F)(F)C(F)(F)C(F)(F)F"", ""C(F)(F)C(F)(F)C(F)(F)F"", ""C(F)(F)C(F)(F)C(F)(F)F"", ""C(F)(F)C(F)(F)C(F)(F)F"", ""C(F)(F)C(F)(F)C(F)(F)F"", ""[OH]""]","[""[OH]"", ""[OH]"", ""[OH]"", ""[OH]"", ""[OH]"", ""[OH]"", ""[OH]"", ""[OH]"", ""[OH]"", ""[OH]"", ""[OH]"", ""[OH]"", ""[OH]"", ""[OH]""]","[-39.35602579764595, 1.4197220738346825]","[-10.338511464799339, 2.539860170733781]","[1.4042304525824128e-07, 7.99129610602956e-08]","[63.10174498752306, 64.26151937476166]"
00531,"[""CCC"", ""[OH]"", ""CCC"", ""[OH]"", ""[OH]"", ""[OH]"", ""[OH]""]","[""[OH]"", ""[OH]"", ""[OH]"", ""[OH]"", ""[OH]"", ""[OH]"", ""[OH]"", ""[OH]"", ""[OH]"", ""[OH]"", ""[OH]"", ""[OH]"", ""[OH]"", ""[OH]""]","[-50.08742118702961, 0.5527439178940247]","[-16.705078530363267, 1.224444004674797]","[1.900016730464251e-09, 4.2080122775790455e-10]","[810.6953361835082, 397.91879000208263]"
00543,"[""CCC"", ""CCC"", ""CCC"", ""[OH]"", ""CCC"", ""CCC"", ""[OH]""]","[""[OH]"", ""[OH]"", ""[OH]"", ""[OH]"", ""[OH]"", ""[OH]"", ""[OH]"", ""[OH]"", ""[OH]"", ""[OH]"", ""[OH]"", ""[OH]"", ""[OH]"", ""[OH]""]","[-47.088281510074054, 0.34212147761099093]","[-12.056453083125376, 1.6140362034158338]","[6.324495589468797e-09, 8.665030660587445e-10]","[125.71945802348651, 81.32986015431638]"
00544,"[""CCC"", ""CCC"", ""CCC"", ""CCC"", ""CCC"", ""CCC"", ""[OH]""]","[""[OH]"", ""[OH]"", ""[OH]"", ""[OH]"", ""[OH]"", ""[OH]"", ""[OH]"", ""[OH]"", ""[OH]"", ""[OH]"", ""[OH]"", ""[OH]"", ""[OH]"", ""[OH]""]","[-48.655951082081955, 0.6786876740353202]","[-10.04018457058703, 1.8066647284653201]","[3.3751887113187886e-09, 9.182389501213188e-10]","[56.00031040704977, 40.55946618164724]"
00600,"[""C(Br)(Br)Br"", ""C(Br)(Br)Br"", ""C(Br)(Br)Br"", ""C(Br)(Br)Br"", ""[OH]"", ""[OH]"", ""[OH]""]","[""[OH]"", ""[OH]"", ""[OH]"", ""[OH]"", ""[OH]"", ""[OH]"", ""[OH]"", ""[OH]"", ""[OH]"", ""[OH]"", ""[OH]"", ""[OH]"", ""[OH]"", ""[OH]""]","[-44.52210899031152, 0.6412062748319302]","[-6.719382658104003, 1.7741771551582837]","[1.768412594801164e-08, 4.5344812351090076e-09]","[14.804133096590089, 10.525913658105774]"
00620,"[""C(Br)(Br)C(Br)(Br)Br"", ""C(Br)(Br)C(Br)(Br)Br"", ""C(Br)(Br)C(Br)(Br)Br"", ""C(Br)(Br)C(Br)(Br)Br"", ""C(Br)(Br)C(Br)(Br)Br"", ""[OH]"", ""[OH]""]","[""[OH]"", ""[OH]"", ""[OH]"", ""[OH]"", ""[OH]"", ""[OH]"", ""[OH]"", ""[OH]"", ""[OH]"", ""[OH]"", ""[OH]"", ""[OH]"", ""[OH]"", ""[OH]""]","[-48.82152866025304, 1.7333817907681075]","[-18.219915939188663, 2.817245140323378]","[3.1570275151761212e-09, 2.1934414136224796e-09]","[1487.7449205818987, 1680.0124600102765]"
00639,"[""C(Br)(Br)C(Br)(Br)C(Br)(Br)Br"", ""C(Br)(Br)C(Br)(Br)C(Br)(Br)Br"", ""C(Br)(Br)C(Br)(Br)C(Br)(Br)Br"", ""C(Br)(Br)C(Br)(Br)C(Br)(Br)Br"", ""C(Br)(Br)C(Br)(Br)C(Br)(Br)Br"", ""C(Br)(Br)C(Br)(Br)C(Br)(Br)Br"", ""[OH]""]","[""[OH]"", ""[OH]"", ""[OH]"", ""[OH]"", ""[OH]"", ""[OH]"", ""[OH]"", ""[OH]"", ""[OH]"", ""[OH]"", ""[OH]"", ""[OH]"", ""[OH]"", ""[OH]""]","[-13.83432116415199, 3.7533593244025782]","[30.7112093879001, 4.808287913118196]","[0.0039018731160694294, 0.005871331376184578]","[4.4950446732507945e-06, 8.664778959815281e-06]"
00664,"[""COC"", ""COC"", ""COC"", ""COC"", ""[OH]"", ""[OH]"", ""[OH]""]","[""[OH]"", ""[OH]"", ""[OH]"", ""[OH]"", ""[OH]"", ""[OH]"", ""[OH]"", ""[OH]"", ""[OH]"", ""[OH]"", ""[OH]"", ""[OH]"", ""[OH]"", ""[OH]""]","[-30.182592541826615, 0.3891463904804567]","[-5.482396135136064, 0.8638426407356405]","[5.555705219694522e-06, 8.666712458753582e-07]","[9.006400919072059, 3.1187456218605942]"
00665,"[""COC"", ""COC"", ""[OH]"", ""COC"", ""COC"", ""[OH]"", ""[OH]""]","[""[OH]"", ""[OH]"", ""[OH]"", ""[OH]"", ""[OH]"", ""[OH]"", ""[OH]"", ""[OH]"", ""[OH]"", ""[OH]"", ""[OH]"", ""[OH]"", ""[OH]"", ""[OH]""]","[-41.74398791045348, 0.47182621424936827]","[-12.32148581126286, 0.7589894468399309]","[5.391194860480109e-08, 1.0205662739260438e-08]","[139.75868501174358, 42.53399828362735]"
00700,"[""COCOCOC"", ""COCOCOC"", ""COCOCOC"", ""COCOCOC"", ""[OH]"", ""COCOCOC"", ""[OH]""]","[""[OH]"", ""[OH]"", ""[OH]"", ""[OH]"", ""[OH]"", ""[OH]"", ""[OH]"", ""[OH]"", ""[OH]"", ""[OH]"", ""[OH]"", ""[OH]"", ""[OH]"", ""[OH]""]","[-31.149565442913875, 1.069101750673377]","[0.7206010045646636, 1.845167358771549]","[3.770758810294515e-06, 1.6163256530754362e-06]","[0.7489937182148483, 0.5540880329389049]"
00709,"[""CCl"", ""CCl"", ""[OH]"", ""[OH]"", ""CCl"", ""[OH]"", ""[OH]""]","[""[OH]"", ""[OH]"", ""[OH]"", ""[OH]"", ""[OH]"", ""[OH]"", ""[OH]"", ""[OH]"", ""[OH]"", ""[OH]"", ""[OH]"", ""[OH]"", ""[OH]"", ""[OH]""]","[-35.40229527586497, 0.36991225709842807]","[-3.716595861744999, 1.3908844794729203]","[6.852570743946697e-07, 1.0171842982725853e-07]","[4.438127874251824, 2.475646323266919]"
00713,"[""CCl"", ""CCl"", ""[OH]"", ""CCl"", ""CCl"", ""[OH]"", ""[OH]""]","[""[OH]"", ""[OH]"", ""[OH]"", ""[OH]"", ""[OH]"", ""[OH]"", ""[OH]"", ""[OH]"", ""[OH]"", ""[OH]"", ""[OH]"", ""[OH]"", ""[OH]"", ""[OH]""]","[-47.47021472545302, 0.5083972507599498]","[-14.471398992457978, 0.8352171387200786]","[5.42975871878154e-09, 1.1068658861409564e-09]","[330.75376699425675, 110.80910910783085]"
00732,"[""CBr"", ""CBr"", ""CBr"", ""[OH]"", ""CBr"", ""CBr"", ""[OH]""]","[""[OH]"", ""[OH]"", ""[OH]"", ""[OH]"", ""[OH]"", ""[OH]"", ""[OH]"", ""[OH]"", ""[OH]"", ""[OH]"", ""[OH]"", ""[OH]"", ""[OH]"", ""[OH]""]","[-41.698332385970666, 0.707450503973894]","[-14.555558520941531, 1.5246233221174856]","[5.4920223746686965e-08, 1.557345287963277e-08]","[342.22235642553875, 209.1886191552167]"
00737,"[""CF"", ""[OH]"", ""[OH]"", ""CF"", ""[OH]"", ""[OH]"", ""[OH]""]","[""[OH]"", ""[OH]"", ""[OH]"", ""[OH]"", ""[OH]"", ""[OH]"", ""[OH]"", ""[OH]"", ""[OH]"", ""[OH]"", ""[OH]"", ""[OH]"", ""[OH]"", ""[OH]""]","[-40.56593823634942, 0.5760896144201499]","[-12.224392150690932, 0.97457299413897]","[8.642342288161077e-08, 1.9975175917159283e-08]","[134.45460263228114, 52.55737096779473]"
00794,"[""OC(F)(F)C(F)(F)F"", ""OC(F)(F)C(F)(F)F"", ""OC(F)(F)C(F)(F)F"", ""OC(F)(F)C(F)(F)F"", ""OC(F)(F)C(F)(F)F"", ""[OH]"", ""[OH]""]","[""[OH]"", ""[OH]"", ""[OH]"", ""[OH]"", ""[OH]"", ""[OH]"", ""[OH]"", ""[OH]"", ""[OH]"", ""[OH]"", ""[OH]"", ""[OH]"", ""[OH]"", ""[OH]""]","[-47.52232128550744, 0.9659537860874701]","[-19.696370780445402, 1.6307031834297252]","[5.31361517086136e-09, 2.0580005437308088e-09]","[2689.3492168859566, 1758.6634908668143]"
00795,"[""OC(F)(F)C(F)(F)F"", ""OC(F)(F)C(F)(F)F"", ""OC(F)(F)C(F)(F)F"", ""OC(F)(F)C(F)(F)F"", ""[OH]"", ""OC(F)(F)C(F)(F)F"", ""[OH]""]","[""[OH]"", ""[OH]"", ""[OH]"", ""[OH]"", ""[OH]"", ""[OH]"", ""[OH]"", ""[OH]"", ""[OH]"", ""[OH]"", ""[OH]"", ""[OH]"", ""[OH]"", ""[OH]""]","[-37.25988667690598, 0.9527713895408089]","[-0.5186563687224179, 2.343677299096129]","[3.2544225371805487e-07, 1.243040425766923e-07]","[1.2313312094047388, 1.1570358541039791]"
00797,"[""OC(F)(F)C(F)(F)F"", ""OC(F)(F)C(F)(F)F"", ""OC(F)(F)C(F)(F)F"", ""OC(F)(F)C(F)(F)F"", ""OC(F)(F)C(F)(F)F"", ""OC(F)(F)C(F)(F)F"", ""[OH]""]","[""[OH]"", ""[OH]"", ""[OH]"", ""[OH]"", ""[OH]"", ""[OH]"", ""[OH]"", ""[OH]"", ""[OH]"", ""[OH]"", ""[OH]"", ""[OH]"", ""[OH]"", ""[OH]""]","[-51.3493011725278, 1.7510373151906709]","[-26.369370879891378, 2.351906148040218]","[1.1447856555911236e-09, 8.032865137940481e-10]","[39072.00893395214, 36830.61302673736]"
00806,"[""OCCl"", ""OCCl"", ""OCCl"", ""OCCl"", ""[OH]"", ""[OH]"", ""[OH]""]","[""[OH]"", ""[OH]"", ""[OH]"", ""[OH]"", ""[OH]"", ""[OH]"", ""[OH]"", ""[OH]"", ""[OH]"", ""[OH]"", ""[OH]"", ""[OH]"", ""[OH]"", ""[OH]""]","[-46.48211554652879, 0.656102633983855]","[-13.519871789447194, 1.1812961986870452]","[8.061111496475006e-09, 2.1213057019824565e-09]","[226.15232128231762, 107.13391376180554]"
01312,"[""COC"", ""COC"", ""COC"", ""COC"", ""[OH]"", ""COC"", ""[OH]"", ""[OH]""]","[""[OH]"", ""[OH]"", ""[OH]"", ""[OH]"", ""[OH]"", ""[OH]"", ""[OH]"", ""[OH]"", ""[OH]"", ""[OH]"", ""[OH]"", ""[OH]"", ""[OH]"", ""[OH]"", ""[OH]"", ""[OH]""]","[-33.16845550001868, 0.49201192817023975]","[-6.792738495160073, 1.0233192968008369]","[1.6781793624643254e-06, 3.308713027838964e-07]","[15.232305329856556, 6.248865984945415]"
